,train,test
MAE,2.237537633501006,0.15587761649899434
MSE,5.00684763560297,0.024297831325407554
RMSE,2.2375986314804024,0.15587761649899434
