,baselineone-hot,encoderone-hot
F1_micro,0.8327974276527332,0.8231511254019293
F1_macro,0.8320315745741587,0.8230340275406851
F1_weighted,0.832213920545248,0.8231072137039627
