,baseline,corrupted,imputed
F1_micro,0.8247588424437299,0.8183279742765274,0.819935691318328
F1_macro,0.8245189010107284,0.8180340134469358,0.8196205153699561
F1_weighted,0.8243311207588143,0.81782236164963,0.8194023166364678
