,baseline,corrupted,imputed
F1_micro,0.8247588424437299,0.8183279742765274,0.819935691318328
F1_macro,0.8245189010107284,0.818079227653324,0.8196672085486192
F1_weighted,0.8243311207588143,0.817884556382991,0.8194658464713377
