,train,test
MAE,1.3654126335010068,0.5469466164989942
MSE,1.8643551917498422,0.2991506012996979
RMSE,1.365413926891711,0.5469466164989942
