,baselineone-hot,encoderordinal
F1_micro,0.9790382244143033,0.9876695437731196
F1_macro,0.9721195943418166,0.9832379834322658
F1_weighted,0.9793293548876505,0.987712052745214
