,baseline: one_hot_encode,encoder: ordinal_encode
F1_micro,0.337573385518591,0.3419765166340509
F1_macro,0.2857465811348746,0.3029485107904579
F1_weighted,0.30671270525933675,0.31786613235168515
