,baseline: one_hot_encode,encoder: ordinal_encode
F1_micro,0.9675387596899225,0.9685077519379846
F1_macro,0.9669078083530218,0.9678690621171787
F1_weighted,0.9675210487752025,0.9684770245926535
