,train,test
MAE,2.6529098835010063,2.2602006164989934
MSE,7.054435591763573,5.108506826822429
RMSE,2.6560187483832967,2.2602006164989934
