,baselineone-hot,encoderordinal
F1_micro,0.4779220779220779,0.4961038961038961
F1_macro,0.4757113821138211,0.4925985557163334
F1_weighted,0.47456182029352756,0.4911745111838861
