,baseline: one_hot_encode,encoder: ordinal_encode
MAE,3.5493554880856535,3.549408839064455
MSE,20.455219681992766,20.457653752790456
RMSE,4.522744706701094,4.52301379091314
