,baseline: one_hot_encode,encoder: ordinal_encode
F1_micro,0.6619318181818182,0.6590909090909091
F1_macro,0.6575835055291899,0.6563680737593781
F1_weighted,0.6598490129616517,0.658163986424856
