,train,test
MAE,1.0535341335010067,0.6789306164989934
MSE,1.1099373751669044,0.4609467820197033
RMSE,1.0535356544355319,0.6789306164989934
