,baselineone-hot,encoderordinal
MAE,0.016308050104599667,0.016169187629353286
MSE,0.001145756414111804,0.0011545914209279457
RMSE,0.03384902382804863,0.03397927928794173
