,baseline: one_hot_encode,encoder: ordinal_encode
F1_micro,0.9219512195121952,0.9190243902439025
F1_macro,0.9218380637191357,0.9187990176661649
F1_weighted,0.9218699794556396,0.9188449268949632
