,baseline: one_hot_encode,encoder: ordinal_encode
F1_micro,0.970945945945946,0.9722972972972973
F1_macro,0.9709331933888087,0.9722851378823525
F1_weighted,0.9709455345731351,0.9722969050581054
