,baselineone-hot,encoderordinal
F1_micro,0.4779220779220779,0.49610389610389605
F1_macro,0.47571138211382114,0.4925985557163334
F1_weighted,0.4745618202935276,0.49117451118388616
