,baselineone-hot,encoderordinal
F1_micro,0.0,6.206335383118183e-17
F1_macro,6.206335383118183e-17,0.0
F1_weighted,6.206335383118183e-17,6.206335383118183e-17
