,baseline: one_hot_encode,encoder: ordinal_encode
F1_micro,0.7709367759020191,0.7636544190665343
F1_macro,0.7589751417880093,0.7463843369833467
F1_weighted,0.7672161685599695,0.7565419201451707
