,baseline: one_hot_encode,encoder: ordinal_encode
F1_micro,0.8312484670100564,0.8311258278145697
F1_macro,0.8312484264006725,0.8311257033578874
F1_weighted,0.8312479796974507,0.8311249210587427
