,baselineone-hot,encoderordinal
F1_micro,0.72625,0.7222500000000001
F1_macro,0.7205497057737464,0.7197639252656617
F1_weighted,0.7231043025967342,0.7220411381340113
