,baseline: one_hot_encode,encoder: ordinal_encode
F1_micro,0.9895893580104106,0.9976865240023135
F1_macro,0.9894495972662924,0.9976608899170691
F1_weighted,0.9895781209656574,0.9976868072518741
