,baselineone-hot,encoderordinal
F1_micro,0.5232039036544851,0.5251245847176079
F1_macro,0.5153454986434414,0.5223584258289697
F1_weighted,0.5165180123955987,0.5230490221135821
