,baselineone-hot,encoderordinal
F1_micro,0.871,0.8769999999999999
F1_macro,0.5643054725259137,0.6025064713885451
F1_weighted,0.8377351585218811,0.8495836788510821
