,baseline: one_hot_encode,encoder: ordinal_encode
MAE,0.001986878980430912,0.0020094966384062354
MSE,8.468019566794749e-06,8.48058810422444e-06
RMSE,0.0029099861798288235,0.0029121449318714274
