,baselineone-hot,encoderordinal
F1_micro,0.9322419281491587,0.9345156889495225
F1_macro,0.9307316326130429,0.9332058602032074
F1_weighted,0.9319444459019551,0.9344694559254011
