,baselineone-hot,encoderordinal
F1_micro,0.5357142857142857,0.4683673469387755
F1_macro,0.21288083583904882,0.22058722164122943
F1_weighted,0.49358465601295565,0.4294794433280246
