,baseline: one_hot_encode,encoder: ordinal_encode
MAE,0.5707242524309394,0.5717798924332197
MSE,0.5566860686396731,0.5578772650043395
RMSE,0.746113978316767,0.7469118187606483
