,baselineone-hot,encoderordinal
F1_micro,0.832665832290363,0.832665832290363
F1_macro,0.46020963469484166,0.46020963469484166
F1_weighted,0.7577480947899832,0.7577480947899832
