,baselineone-hot,encoderordinal
MAE,0.027120605348060434,0.02685616599628984
MSE,0.024515130675563535,0.024539647208780185
RMSE,0.15657308413505666,0.1566513555919009
