,baseline: one_hot_encode,encoder: ordinal_encode
F1_micro,0.9852034525277436,0.9839704069050554
F1_macro,0.979227143881698,0.9771095454693488
F1_weighted,0.9851759752466124,0.983800430608225
