,baseline: one_hot_encode,encoder: ordinal_encode
F1_micro,0.9047619047619048,0.8855311355311355
F1_macro,0.8794850099332,0.8453143172224615
F1_weighted,0.9026994733486245,0.87861092623565
