,baseline: one_hot_encode,encoder: ordinal_encode
F1_micro,0.4969387755102041,0.47653061224489796
F1_macro,0.19360878716507482,0.21499147445399733
F1_weighted,0.4300672590333112,0.4383627268080647
