,baseline: one_hot_encode,encoder: ordinal_encode
F1_micro,0.7678075855689177,0.7076780758556892
F1_macro,0.7217006628983107,0.6480336638723345
F1_weighted,0.7664453355809223,0.7052654928990592
