,baseline: one_hot_encode,encoder: ordinal_encode
F1_micro,0.8354181996566102,0.8363993132205053
F1_macro,0.8353882422089929,0.8363766330467746
F1_weighted,0.8354198336992077,0.8364040382566993
