,baseline: one_hot_encode,encoder: ordinal_encode
F1_micro,0.9182137481184145,0.9177119919719017
F1_macro,0.9122766166792368,0.911802177916429
F1_weighted,0.9180424093724183,0.917125226656638
