,baselineone-hot,encoderordinal
MAE,107.56181795505672,110.52210766812732
MSE,25829.183624358484,26895.841214026317
RMSE,160.71460302150047,163.9995158957072
