,baseline: one_hot_encode,encoder: ordinal_encode
F1_micro,0.3341054882394868,0.2018888096935139
F1_macro,0.26469983069482167,0.05012832244665098
F1_weighted,0.31040590716814404,0.12494950384064603
