,baseline: one_hot_encode,encoder: ordinal_encode
MAE,0.04531316322821562,0.04501824635004515
MSE,0.022449947175398274,0.02245777046280239
RMSE,0.14983306435963417,0.14985916876455171
