,baseline: one_hot_encode,encoder: ordinal_encode
F1_micro,0.9509933774834437,0.9430463576158941
F1_macro,0.7124972544983885,0.7319251866922883
F1_weighted,0.9371698946636977,0.9362531148053017
