,baseline: one_hot_encode,encoder: ordinal_encode
F1_micro,0.9481065918653576,0.9467040673211781
F1_macro,0.9479344290766705,0.9465095159125009
F1_weighted,0.9480562027564734,0.946640725002074
