,baselineone-hot,encoderordinal
F1_micro,0.7268224536449072,0.6356362712725425
F1_macro,0.668230304584323,0.6168621776255339
F1_weighted,0.7096290487679573,0.6420450984211197
