,baselineone-hot,encoderordinal
F1_micro,0.9227295534370296,0.9222277972905168
F1_macro,0.9170535688685298,0.9169648067366915
F1_weighted,0.922524622532816,0.9224303353165929
