,baseline: one_hot_encode,encoder: ordinal_encode
MAE,5281.098144014711,3512.3363462806874
MSE,97546106.14629808,66764444.81976144
RMSE,9876.543228594612,8170.951279977225
