,baselineone-hot,encoderordinal
F1_micro,0.9377289377289377,0.8736263736263735
F1_macro,0.9187015503875968,0.8156077592965245
F1_weighted,0.9370339608711702,0.8605429563726277
