,baseline: one_hot_encode,encoder: ordinal_encode
F1_micro,0.7668825161887142,0.7483811285846439
F1_macro,0.698437790589548,0.6519507575757575
F1_weighted,0.7618322257561544,0.7327895747484091
