,baseline: one_hot_encode,encoder: ordinal_encode
MAE,3.5738688167600676,3.56850122196703
MSE,20.141145092534007,20.1572207419329
RMSE,4.487888712137814,4.4896793584768275
