,baselineone-hot,encoderordinal
F1_micro,0.9396914446002805,0.938288920056101
F1_macro,0.9394168733265488,0.9379960788034027
F1_weighted,0.9395884803726309,0.9381753693662793
