,baseline: one_hot_encode,encoder: ordinal_encode
F1_micro,0.7875920084121977,0.7878548895899053
F1_macro,0.7495837573972886,0.7482372131988501
F1_weighted,0.7808726010128009,0.7802674088231626
