,baseline: one_hot_encode,encoder: ordinal_encode
F1_micro,0.8276595744680851,0.8221526908635794
F1_macro,0.459945688420112,0.4775778322888915
F1_weighted,0.7515289124848478,0.7551918499539353
