,baselineone-hot,encoderordinal
F1_micro,0.9038674033149171,0.8917127071823204
F1_macro,0.6856999149731148,0.5995864485137429
F1_weighted,0.8856385548195146,0.8607238931967791
