,baseline,corrupted,imputed
F1_micro,0.8247588424437299,0.8215434083601286,0.8231511254019293
F1_macro,0.8245189010107284,0.8212990643320263,0.8228874369673939
F1_weighted,0.8243311207588143,0.8211078385709027,0.8226896706414923
