,train,test
MAE,1.1702345582494966,2.2602006164989934
MSE,2.3025609700655663,5.108506826822429
RMSE,1.5174191807360173,2.2602006164989934
