,train,test
MAE,1.4181391164989936,1.8108823835010064
MSE,2.021107732311796,3.279295006874286
RMSE,1.421656685811239,1.8108823835010064
