,baseline: one_hot_encode,encoder: ordinal_encode
MAE,101.85064806088374,103.5245319453443
MSE,22926.897480063028,23232.453749568525
RMSE,151.41630519882273,152.42195953854065
