,baselineone-hot,encoderordinal
MAE,4.084935598366838,4.085636757411836
MSE,84.89583227962684,84.89215370901572
RMSE,9.213893437609686,9.213693814590092
