,baselineone-hot,encoderordinal
F1_micro,0.9239024390243903,0.92
F1_macro,0.9239023665935673,0.9199664058869683
F1_weighted,0.9238986726215948,0.9200479915900451
