,baseline,corrupted,imputed
F1_micro,0.0,0.0018564317337286817,0.001607717041800627
F1_macro,0.0,0.0018213162979229536,0.001588329677067601
F1_weighted,0.0,0.0018090300491559132,0.0015820522501605236
