,baseline,corrupted,imputed
F1_micro,0.8247588424437299,0.8220793140407289,0.8231511254019294
F1_macro,0.8245189010107284,0.8218130531634742,0.82287197641158
F1_weighted,0.8243311207588143,0.8216141842936286,0.8226687471492657
