,train,test
MAE,1.4246746278336688,1.494646538832998
MSE,2.8694658855079287,2.568116619654059
RMSE,1.438510002634703,1.494646538832998
