,baseline: one_hot_encode,encoder: ordinal_encode
F1_micro,0.33499643620812547,0.17783321454027085
F1_macro,0.3059013751448937,0.0496932048748491
F1_weighted,0.3152430629680194,0.09329719516931971
