,baseline,corrupted,imputed
F1_micro,0.8247588424437299,0.8247588424437299,0.8263665594855305
F1_macro,0.8245189010107284,0.824558861203334,0.8261490683229813
F1_weighted,0.8243311207588143,0.8243874487115661,0.8259711210081685
