,train,test
MAE,0.9592659902917505,1.1749806666666667
MSE,1.4549073610258638,3.6794934275545033
RMSE,1.2061954074800085,1.9182005702101392
