,baseline: one_hot_encode,encoder: ordinal_encode
F1_micro,0.8078333333333333,0.804
F1_macro,0.6027626086265974,0.6281643184878009
F1_weighted,0.7645929508795122,0.773145653559178
