,baselineone-hot,encoderordinal
MAE,2906.37358849746,1747.5257240468038
MSE,21697834.45518779,9031668.1200153
RMSE,4658.093435643793,3005.2733852372403
