,baselineone-hot,encoderordinal
F1_micro,0.3458904109589041,0.36252446183953035
F1_macro,0.2842878621645446,0.32621699942390864
F1_weighted,0.30607672630912214,0.3405290586313909
