,baselineone-hot,encoderordinal
F1_micro,0.6733601070950469,0.6675591253904507
F1_macro,0.5083640361795214,0.5187399236828086
F1_weighted,0.6506434732261068,0.651690559270311
