,baseline: one_hot_encode,encoder: ordinal_encode
F1_micro,0.7986666666666665,0.8038333333333333
F1_macro,0.5928374443943356,0.6049882897654211
F1_weighted,0.7524443518666448,0.7595054154695916
