,baselineone-hot,encoderordinal
F1_micro,0.528187292358804,0.5274605481727574
F1_macro,0.5241931163279099,0.5259119429709677
F1_weighted,0.5252838771476781,0.5265898972918238
