,baseline: one_hot_encode,encoder: ordinal_encode
MAE,787.69491824722,549.625510068888
MSE,885969.8750108127,480574.6366119499
RMSE,941.2597277111205,693.2349072370417
