,baseline: one_hot_encode,encoder: ordinal_encode
F1_micro,0.9885945548197204,0.9953397105714986
F1_macro,0.9880549918171271,0.9951402329774682
F1_weighted,0.9885730719304077,0.9953411595612858
