,baseline: one_hot_encode,encoder: ordinal_encode
MAE,0.001094372141011195,0.0010987173993009965
MSE,2.0251603696000934e-06,2.0251908561653387e-06
RMSE,0.0014230812940939437,0.001423092005516628
