,baselineone-hot,encoderordinal
F1_micro,0.9116512345679012,0.6979166666666666
F1_macro,0.6098915045468194,0.42219994797977556
F1_weighted,0.9052467116684821,0.6898864263280605
