,train,test
MAE,1.3428310582494971,0.06660038350100628
MSE,2.1279099888997104,0.0044356110824811095
RMSE,1.4587357501959395,0.06660038350100628
