,train,test
MAE,1.8059542499999997,0.9927073835010063
MSE,3.509176584589917,0.985467949257414
RMSE,1.8732796333142356,0.9927073835010063
