,one-hot,ordinal
F1_micro,0.8135048231511254,0.815112540192926
F1_macro,0.8132267517110698,0.8148593909746218
F1_weighted,0.8129486802710144,0.814595235268565
