,baseline: one_hot_encode,encoder: ordinal_encode
MAE,4.881335791391583,4.86533233534007
MSE,39.54384765505131,39.6159504239133
RMSE,6.288389909591429,6.294120305802337
