,baselineone-hot,encoderordinal
F1_micro,1.2412670766236366e-16,0.0
F1_macro,1.2412670766236366e-16,0.0
F1_weighted,0.0,0.0
