,baseline: one_hot_encode,encoder: ordinal_encode
F1_micro,0.9959514170040485,0.9924812030075187
F1_macro,0.9958997969039283,0.9923792338955076
F1_weighted,0.9959495544231164,0.992474575015238
