,baseline: one_hot_encode,encoder: ordinal_encode
F1_micro,0.8070739549839228,0.8070739549839228
F1_macro,0.8069761668321749,0.8069122516556291
F1_weighted,0.8069342576242828,0.8069661527650605
