,baseline,corrupted,imputed
F1_micro,0.0,0.0024558283467072855,0.001607717041800627
F1_macro,0.0,0.0024502573879881316,0.0016097740903993358
F1_weighted,0.0,0.0024489858017596898,0.0016114632381356144
