,baselineone-hot,encoderordinal
F1_micro,0.9947946790052054,0.995373048004627
F1_macro,0.9947376448280562,0.9953229187800094
F1_weighted,0.9947956295748245,0.9953741682107636
