,baseline,corrupted,imputed
F1_micro,0.8247588424437299,0.8263665594855305,0.8279742765273314
F1_macro,0.8245189010107284,0.8261490683229813,0.8277387376894307
F1_weighted,0.8243311207588143,0.8259711210081685,0.8275544029467262
