,train,test
MAE,0.889478191750503,0.8635396164989935
MSE,0.8270928871148406,0.7457006692632288
RMSE,0.909446472924515,0.8635396164989935
