,baselineone-hot,encoderordinal
MAE,788.9249675309362,821.6490871012486
MSE,893577.9809944397,1027382.7965982181
RMSE,945.2925372573507,1013.5989328122926
