,baseline: one_hot_encode,encoder: ordinal_encode
F1_micro,0.9783783783783784,0.9783783783783784
F1_macro,0.9783682656610833,0.9783682656610833
F1_weighted,0.9783790104232093,0.9783790104232093
