,baseline,corrupted,imputed
F1_micro,0.8247588424437299,0.8242229367631296,0.8252947481243301
F1_macro,0.8245189010107284,0.8240523104719893,0.8250622901148127
F1_weighted,0.8243311207588143,0.8238940784932355,0.8248777875085991
