,baseline: one_hot_encode,encoder: ordinal_encode
F1_micro,0.54125,0.5435
F1_macro,0.24445255771853866,0.26265835909311663
F1_weighted,0.47642281302859707,0.4787388354707743
