,baselineone-hot,encoderordinal
F1_micro,0.7633234028467395,0.7570340946706389
F1_macro,0.7500568443160023,0.7416882186154578
F1_weighted,0.7590600595641127,0.7515320875019185
