,baselineone-hot,encoderordinal
F1_micro,0.821,0.845
F1_macro,0.6592287146449791,0.6444945974646731
F1_weighted,0.8207652085843905,0.828179972889846
