,baseline: one_hot_encode,encoder: ordinal_encode
F1_micro,0.9478181263350626,0.9412572474824534
F1_macro,0.6575694800909291,0.48486992061620693
F1_weighted,0.9374280521572811,0.9152899996740483
