,baselineone-hot,encoderordinal
F1_micro,0.6818384649709951,0.6817269076305221
F1_macro,0.5027367774865882,0.5125589174706185
F1_weighted,0.657101639365413,0.6595546804505352
