,baseline: one_hot_encode,encoder: ordinal_encode
MAE,49611.0681849103,49611.06804922296
MSE,5391941485.311511,5391941622.150574
RMSE,73429.84056438848,73429.84149615586
