,baselineone-hot,encoderordinal
MAE,0.0011073772347366681,0.0011078834221383276
MSE,2.214505921277472e-06,2.217201118632815e-06
RMSE,0.0014881216083631982,0.0014890269032602518
