,baselineone-hot,encoderordinal
F1_micro,0.9444783404514948,0.9450884685784015
F1_macro,0.9424731504212813,0.9431453776278546
F1_weighted,0.9444062584569446,0.9450371658470339
