,baselineone-hot,encoderordinal
MAE,1.9144936561799957,1.9145617634328216
MSE,5.628637200817779,5.6289739743664455
RMSE,2.372474910471716,2.3725458845650267
