,baseline: one_hot_encode,encoder: ordinal_encode
F1_micro,0.6440489432703004,0.45476455320726733
F1_macro,0.6215204408227346,0.36365675199577374
F1_weighted,0.6340172544904572,0.3310704242719176
