,baseline: one_hot_encode,encoder: ordinal_encode
MAE,0.2751076216534259,0.27587121751515425
MSE,0.09974227316909788,0.1002653171264102
RMSE,0.3158200012176206,0.3166469913427415
