,baseline: one_hot_encode,encoder: ordinal_encode
F1_micro,0.5163265306122449,0.47959183673469385
F1_macro,0.24028768552632163,0.26102980556058747
F1_weighted,0.4784176028729588,0.4320850693582247
