,baselineone-hot,encoderordinal
MAE,3.579909601445697,3.5797164254130025
MSE,20.760528792604514,20.758955101348054
RMSE,4.556372328136114,4.556199633614407
