,baselineone-hot,encoderordinal
F1_micro,1.2412670766236366e-16,1.2412670766236366e-16
F1_macro,0.0,6.206335383118183e-17
F1_weighted,0.0,0.0
