,baselineone-hot,encoderordinal
F1_micro,0.8336670838548186,0.8347934918648312
F1_macro,0.4641581985050619,0.4631085945181976
F1_weighted,0.761547414445936,0.7616641528561973
