,baselineone-hot,encoderordinal
F1_micro,0.8336670838548185,0.8347934918648311
F1_macro,0.4641581985050619,0.46310859451819764
F1_weighted,0.761547414445936,0.7616641528561973
