,baselineone-hot,encoderordinal
F1_micro,0.925258620689655,0.9378448275862069
F1_macro,0.5388465194572839,0.4777150120793365
F1_weighted,0.917017346155036,0.9326908408280984
