,baseline: one_hot_encode,encoder: ordinal_encode
MAE,740.9830252164882,922.4007174523631
MSE,1342937.1729749416,2308795.680395433
RMSE,1158.8516613332965,1519.4721716423217
