,baseline: one_hot_encode,encoder: ordinal_encode
MAE,379.7368273021222,387.1252282568294
MSE,218927.2932285186,230400.56071612326
RMSE,467.89666939241897,480.0005840789397
