,baselineone-hot,encoderordinal
F1_micro,0.9566115702479339,0.9659090909090909
F1_macro,0.804263677855451,0.8423102554609403
F1_weighted,0.9569683568811715,0.9657648682306216
