,baseline,corrupted,imputed
F1_micro,0.8247588424437299,0.8193997856377279,0.8210075026795284
F1_macro,0.8245189010107284,0.8191665058361322,0.8207551124042238
F1_weighted,0.8243311207588143,0.8189785901086196,0.8205605078710478
