,train,test
MAE,0.5546279641377099,0.6823295471238005
MSE,1.2430292779260437,0.9745407772386577
RMSE,0.42966545147788515,0.6823295471238005
