,baseline: one_hot_encode,encoder: ordinal_encode
MAE,0.001138025154104832,0.0011358275226699603
MSE,2.2153003021585318e-06,2.2079505133563034e-06
RMSE,0.0014883884916776708,0.0014859173978913846
