,baselineone-hot,encoderordinal
F1_micro,0.96900826446281,0.9659090909090909
F1_macro,0.8214285714285714,0.8367730693959724
F1_weighted,0.9663249973167328,0.9663590422035616
