,baselineone-hot,encoderordinal
F1_micro,0.9060773480662984,0.9049723756906077
F1_macro,0.6965734593978408,0.6983613927386599
F1_weighted,0.8974408845706572,0.8972486006269834
