,baseline: one_hot_encode,encoder: ordinal_encode
MAE,104.06328780432052,102.91924696345562
MSE,18746.088957516684,19263.20960499331
RMSE,136.91635752355043,138.79196520329737
