,baselineone-hot,encoderordinal
F1_micro,0.2900926585887384,0.24893086243763368
F1_macro,0.2297951739022069,0.11869146136751167
F1_weighted,0.25845616598034044,0.208446233581983
