,train,test
MAE,1.0805168422367537,2.0131601833892243
MSE,1.5336060114234427,5.467938465529429
RMSE,1.1624166772916784,2.028418089041343
