,train,test
MAE,0.5024985552542655,1.435931450976518
MSE,1.0744966593926597,6.952497907743473
RMSE,0.523058524131311,1.4248465820462728
