,baselineone-hot,encoderordinal
F1_micro,0.71475,0.7167500000000001
F1_macro,0.7130639072693088,0.7127112797985783
F1_weighted,0.7150390638840857,0.7145218668096772
