,baselineone-hot,encoderordinal
F1_micro,0.768840339843319,0.7665232263047556
F1_macro,0.7562985239806126,0.7541780724568394
F1_weighted,0.7648447710738284,0.7626938580506013
