,baseline: one_hot_encode,encoder: ordinal_encode
MAE,2379735.4628321575,3538.743348692762
MSE,421745877704044.6,602860806.8765742
RMSE,20536452.41282059,24553.2239609501
