,baseline: one_hot_encode,encoder: ordinal_encode
F1_micro,0.9552511415525115,0.954337899543379
F1_macro,0.789134417110248,0.7628191082603742
F1_weighted,0.9550523125137205,0.9501100006667003
