,baseline,corrupted,imputed
F1_micro,0.8247588424437299,0.8247588424437299,0.8247588424437299
F1_macro,0.8245189010107284,0.8245951728616407,0.8245189010107284
F1_weighted,0.8243311207588143,0.8244401174680827,0.8243311207588143
