,baselineone-hot,encoderordinal
F1_micro,0.9534246575342465,0.9525114155251142
F1_macro,0.682867021773666,0.7183622990146513
F1_weighted,0.9478652231963982,0.9508875926896097
