,baseline: one_hot_encode,encoder: ordinal_encode
F1_micro,0.736539112766678,0.7415622530759679
F1_macro,0.7346677130125117,0.7393862392719548
F1_weighted,0.7347809025137717,0.7395072035970698
