,baseline: one_hot_encode,encoder: ordinal_encode
F1_micro,0.7302514605029209,0.7117094234188468
F1_macro,0.682117274876463,0.6767334802195538
F1_weighted,0.7190348128079828,0.7084684093772136
