,baselineone-hot,encoderordinal
MAE,0.018859824819600475,0.01883410627462495
MSE,0.002237596878952198,0.0022281964923722515
RMSE,0.04730324385232157,0.04720377625118833
