,baseline: one_hot_encode,encoder: ordinal_encode
F1_micro,0.9976865240023135,0.9971081550028918
F1_macro,0.9976719072317644,0.9970890697515455
F1_weighted,0.997686310618802,0.9971074733867724
