,baselineone-hot,encoderordinal
F1_micro,0.8577946768060837,0.850190114068441
F1_macro,0.8552008568825891,0.8487115471654036
F1_weighted,0.8575146621552517,0.8504972010406103
