,baseline: one_hot_encode,encoder: ordinal_encode
F1_micro,0.9812248547161377,0.9803308001788109
F1_macro,0.75657567466733,0.733083848573598
F1_weighted,0.9787159760185243,0.9771153265861745
