,baseline: one_hot_encode,encoder: ordinal_encode
F1_micro,0.3576320939334638,0.3204500978473581
F1_macro,0.34788261144440424,0.26106320970856756
F1_weighted,0.3557352647021838,0.27812661136384176
