,baselineone-hot,encoderordinal
MAE,0.02449229357370825,0.02443828846385631
MSE,0.021986207472736413,0.022000048622976116
RMSE,0.148277467852457,0.14832413364984173
