,train,test
MAE,1.55216146683434,0.46058494983232734
MSE,2.6603800675065723,0.2614650715482696
RMSE,1.5521827376025483,0.46058494983232734
