,baselineone-hot,encoderordinal
F1_micro,0.678030303030303,0.6761363636363636
F1_macro,0.6751169086881614,0.6740740740740742
F1_weighted,0.6765153379723894,0.6752525252525254
