,baseline: one_hot_encode,encoder: ordinal_encode
F1_micro,0.9450884685784015,0.9450884685784015
F1_macro,0.9428981759623425,0.9428981759623425
F1_weighted,0.9450475285295032,0.9450475285295032
