,train,test
MAE,0.7488874533695175,1.312734778839114
MSE,1.2799115453335936,3.714486825589298
RMSE,0.7488681486535931,1.31305873920682
