,baselineone-hot,encoderordinal
MAE,0.16416224567185456,0.16419657480459235
MSE,0.04265529689700644,0.04272008653681275
RMSE,0.20653158813364708,0.20668838026558908
