,baseline: one_hot_encode,encoder: ordinal_encode
MAE,0.5766372159211339,0.5777992085689465
MSE,0.5509385778641924,0.550929975272503
RMSE,0.7422523680421589,0.7422465730958298
