,baselineone-hot,encoderordinal
F1_micro,0.7860147213459516,0.7770767613038907
F1_macro,0.7489286442878489,0.7485133577175204
F1_weighted,0.7759695185313082,0.7722642065654695
