,baselineone-hot,encoderordinal
F1_micro,0.9054783950617284,0.4243827160493827
F1_macro,0.6114357187527919,0.24852817877509864
F1_weighted,0.9000336961041567,0.39916018028179046
