,baseline: one_hot_encode,encoder: ordinal_encode
F1_micro,0.8539923954372624,0.8539923954372624
F1_macro,0.8526177166953866,0.8529062207245628
F1_weighted,0.853775910596022,0.8539347224436677
