,baseline: one_hot_encode,encoder: ordinal_encode
F1_micro,0.678714859437751,0.679718875502008
F1_macro,0.4693748720188966,0.49378927488404045
F1_weighted,0.6439356642624522,0.6522479147816006
