,train,test
MAE,1.107332343438083,0.7079707023690305
MSE,3.657754608075338,2.268288929381697
RMSE,1.0955511337868962,0.7079707023690305
