,baseline: one_hot_encode,encoder: ordinal_encode
MAE,4.565612140739544,4.565220557419233
MSE,157.8049612612445,157.8354579933939
RMSE,12.562044469800467,12.5632582554604
