,baseline: one_hot_encode,encoder: ordinal_encode
MAE,5.545845578541244,5.368763925777187
MSE,474.8767550194864,767.3854729677176
RMSE,21.791667100510836,27.70172328516256
