,baseline,corrupted,imputed
F1_micro,0.8247588424437299,0.8204715969989281,0.8242229367631296
F1_macro,0.8245189010107284,0.8202792713165308,0.8239891362155719
F1_weighted,0.8243311207588143,0.8201093176998807,0.8238035351691432
