,train,test
MAE,0.6541039138329979,1.6420282831656605
MSE,0.8019728494929902,3.8470358166023
RMSE,0.6542964517564521,1.6424433977656676
