,baseline: one_hot_encode,encoder: ordinal_encode
MAE,0.0020384496923211096,0.002046815988505662
MSE,9.202118932685236e-06,9.479720026860988e-06
RMSE,0.0030334994532198677,0.0030789153978082913
