,baselineone-hot,encoderordinal
MAE,4.744479587278077,4.800456555695548
MSE,40.196105105608446,42.20011864383387
RMSE,6.340039834702022,6.49616183941209
