,baseline: one_hot_encode,encoder: ordinal_encode
F1_micro,0.20693779904306217,0.18660287081339716
F1_macro,0.07678338453612359,0.08847999227768609
F1_weighted,0.13796548421216445,0.10108881224571972
