,baselineone-hot,encoderordinal
MAE,0.5756388586224042,0.5757909223441967
MSE,0.5613201770446223,0.5614439533749727
RMSE,0.7492130384908036,0.7492956381662532
