,baselineone-hot,encoderone-hot
F1_micro,0.8392282958199357,0.8520900321543408
F1_macro,0.839168433572943,0.8516975068677759
F1_weighted,0.8392282958199357,0.8518447038502377
