,baselineone-hot,encoderordinal
MAE,4.419498286385562,4.418757043248836
MSE,94.07593970806307,94.07083468091994
RMSE,9.699275215605704,9.699012046642686
