,baseline,corrupted,imputed
F1_micro,0.8247588424437299,0.8231511254019293,0.8231511254019293
F1_macro,0.8245189010107284,0.8228415775954927,0.8228415775954927
F1_weighted,0.8243311207588143,0.8226272752679596,0.8226272752679596
