,train,test
MAE,0.5027201335010063,0.8635396164989935
MSE,0.28333116538095726,0.7457006692632288
RMSE,0.5322886109818218,0.8635396164989935
