,train,test
MAE,1.1183938664989936,1.3601993835010067
MSE,1.2706308993792566,1.8501423628765186
RMSE,1.1272226485389905,1.3601993835010067
