,baselineone-hot,encoderordinal
F1_micro,0.55,0.562
F1_macro,0.21801031117796693,0.24308142059294316
F1_weighted,0.44789358288165976,0.4736233622322439
