,baseline: one_hot_encode,encoder: ordinal_encode
MAE,6.095380404269493,6.143475813829198
MSE,94.3554713358655,93.96161852919279
RMSE,9.713674450786659,9.693380139517524
