,baseline: one_hot_encode,encoder: ordinal_encode
F1_micro,0.53975,0.53375
F1_macro,0.2506145011162443,0.19848789389159177
F1_weighted,0.47545500679237584,0.4308448841224377
