,baseline: one_hot_encode,encoder: ordinal_encode
F1_micro,0.719042781352297,0.7310644542273395
F1_macro,0.713316913429592,0.7304658257214127
F1_weighted,0.7131111114675139,0.7304013028884386
