,baseline: one_hot_encode,encoder: ordinal_encode
F1_micro,0.6723560910307899,0.6709058456046408
F1_macro,0.47688250868741977,0.5047986312694717
F1_weighted,0.6393536134886737,0.649935568098399
