,baseline: one_hot_encode,encoder: ordinal_encode
F1_micro,0.5163265306122449,0.49183673469387756
F1_macro,0.1955465842568646,0.23806025349453633
F1_weighted,0.46608937177642107,0.4601700210715353
