,baseline: one_hot_encode,encoder: ordinal_encode
MAE,0.018653301844452484,0.01832044281626642
MSE,0.0015661979281619018,0.001563910111905831
RMSE,0.039575218611675435,0.039546303391162
