,baseline: one_hot_encode,encoder: ordinal_encode
MAE,1.902578563500675,1.9026089809764077
MSE,5.654446038811334,5.654329221252269
RMSE,2.3779079121806492,2.377883348958117
