,train,test
MAE,0.5478135085010063,3.7059604498323275
MSE,0.32074600186995816,13.746667015564897
RMSE,0.5663444198276859,3.707649796780286
