,train,test
MAE,1.5658768001676728,1.276543883501006
MSE,2.4935898683009263,1.6707786206157464
RMSE,1.5791104674154137,1.2925860205865396
