,train,test
MAE,1.1839441347082493,1.777047050167673
MSE,1.9224235089526693,4.066751138165849
RMSE,1.386514878734689,2.0166187389206343
