,baseline,corrupted,imputed
F1_micro,0.8247588424437299,0.8215434083601286,0.8247588424437299
F1_macro,0.8245189010107284,0.821339757739175,0.8245189010107284
F1_weighted,0.8243311207588143,0.8211652000640718,0.8243311207588143
