,train,test
MAE,0.3370451335010061,2.7294849498323273
MSE,0.11366082273389855,7.454199245947071
RMSE,0.3371362079841003,2.730237946763445
