,train,test
MAE,0.11589969983232702,0.18377761649899416
MSE,0.013502057944133228,0.033804537211051366
RMSE,0.11619835603025211,0.18386010228173857
