,baseline: one_hot_encode,encoder: ordinal_encode
MAE,9.086058167192482,9.086777555010478
MSE,134.36257819369237,134.50305544745703
RMSE,11.591487315857805,11.597545233688766
