,baseline: one_hot_encode,encoder: ordinal_encode
F1_micro,0.8663003663003663,0.9340659340659341
F1_macro,0.7966232798038062,0.916832735651262
F1_weighted,0.858139702252195,0.9342947718441558
