,baseline: one_hot_encode,encoder: ordinal_encode
MAE,0.2707234935342231,0.2700644650441038
MSE,0.10167139055507167,0.10193122452365899
RMSE,0.3188595153905112,0.31926669811250125
