,train,test
MAE,1.0210797402917506,1.3680486666666667
MSE,1.799961339158519,3.2815229393509946
RMSE,1.3372094083462052,1.8078164532463834
