,baselineone-hot,encoderordinal
MAE,49344.519031782605,49344.51914625431
MSE,5277832999.205815,5277832541.730842
RMSE,72648.69578461691,72648.69263607461
