,baselineone-hot,encoderordinal
F1_micro,0.740625,0.7484375
F1_macro,0.7354769462589485,0.7434879583403331
F1_weighted,0.737426385340642,0.7458897021950616
