,baseline: one_hot_encode,encoder: ordinal_encode
F1_micro,0.8086666666666666,0.7936666666666666
F1_macro,0.6282303158531057,0.556416976641305
F1_weighted,0.7713707319530503,0.7357059402065055
