,baseline: one_hot_encode,encoder: ordinal_encode
F1_micro,0.8928176795580111,0.8861878453038674
F1_macro,0.6409038660563443,0.6323184272703247
F1_weighted,0.8685568505532332,0.8635691604524747
