,baselineone-hot,encoderordinal
MAE,2.539000549477163,2.539094077089046
MSE,24.81533816270303,24.816426839944725
RMSE,4.98149958975237,4.981608860593606
