,baselineone-hot,encoderordinal
F1_micro,0.8000000000000002,0.7865
F1_macro,0.6665182055122318,0.5501632633448786
F1_weighted,0.7795346669146784,0.7248209482401557
