,baseline: one_hot_encode,encoder: ordinal_encode
MAE,0.2813058905674346,0.28113298225340594
MSE,0.11601010829165663,0.11535585881687628
RMSE,0.3406025664783761,0.3396407790841322
