,baselineone-hot,encoderordinal
F1_micro,0.8381162619573217,0.8373804267844001
F1_macro,0.8380725310276433,0.8373268350351305
F1_weighted,0.838111693054221,0.8373702878048086
