,baseline: one_hot_encode,encoder: ordinal_encode
MAE,108.91025390099038,109.59352813843579
MSE,20750.311128475663,20891.86325070401
RMSE,144.04968284753585,144.5401786725892
