,baselineone-hot,encoderordinal
F1_micro,0.9505796217205613,0.9487492373398414
F1_macro,0.9476134875371958,0.9456899408284025
F1_weighted,0.9505415943592361,0.9487177792780271
