,baseline,corrupted,imputed
F1_micro,0.0,0.0009282158668643409,0.0009282158668643409
F1_macro,0.0,0.0009416105272924668,0.0009421523758287234
F1_weighted,0.0,0.0009474609989913562,0.0009480045806911258
