,train,test
MAE,1.2834222054996645,0.8189951278336688
MSE,2.2218447493216194,0.9811354266674012
RMSE,1.4487131585856312,0.8189951278336688
