,baselineone-hot,encoderordinal
F1_micro,0.9959514170040485,0.9971081550028918
F1_macro,0.9959181883946775,0.9970879558595415
F1_weighted,0.995949925976705,0.997108856362036
