,baseline: one_hot_encode,encoder: ordinal_encode
F1_micro,0.9349704411095953,0.9281491587085039
F1_macro,0.9352915639111972,0.9283087068966644
F1_weighted,0.9352030961779452,0.9282980453557729
