,baselineone-hot,encoderordinal
F1_micro,0.34980430528375733,0.3405088062622309
F1_macro,0.3131417046138348,0.2858490837116364
F1_weighted,0.3231093228076814,0.29894107695286043
