,baseline,corrupted,imputed
F1_micro,0.8247588424437299,0.8210075026795284,0.8226152197213291
F1_macro,0.8245189010107284,0.8207541031410802,0.8223421538693353
F1_weighted,0.8243311207588143,0.8205593463469297,0.8221408553515106
