,baseline,corrupted,imputed
F1_micro,0.0,0.004641079334321704,0.004641079334321833
F1_macro,0.0,0.004672231593848633,0.004673636994752597
F1_weighted,0.0,0.00468683750350205,0.004688377350878291
