,train,test
MAE,0.6136957039662106,0.2720107779194294
MSE,2.0668137546935883,0.22075037010182275
RMSE,0.6137289506719117,0.2720107779194294
