,baselineone-hot,encoderordinal
MAE,103.29756637870386,105.28451955101664
MSE,23901.51992852421,24109.48716840337
RMSE,154.60116405940872,155.2723000679882
