,baselineone-hot,encoderordinal
F1_micro,0.56475,0.562
F1_macro,0.2511400065496868,0.24833799904851497
F1_weighted,0.4849779746771467,0.4888543473959091
