,baselineone-hot,encoderordinal
MAE,4.756710184163687,4.820708004367997
MSE,40.51572598656997,42.60877006857495
RMSE,6.36519646095625,6.5275393578725325
