,baseline: one_hot_encode,encoder: ordinal_encode
F1_micro,0.9779019558039116,0.9786639573279147
F1_macro,0.9754858067831913,0.9763478350424774
F1_weighted,0.977892181738294,0.9786620773585272
