,baseline: one_hot_encode,encoder: ordinal_encode
MAE,24280.647668944475,24639.53079261665
MSE,1720233766.3852901,1759844990.2330415
RMSE,41475.70091493681,41950.50643595428
