,baselineone-hot,encoderordinal
F1_micro,0.9799339598679196,0.9794259588519176
F1_macro,0.9779312588973555,0.9773687460080904
F1_weighted,0.979949157430091,0.9794398238078997
