,baselineone-hot,encoderordinal
F1_micro,0.5336734693877551,0.4806122448979592
F1_macro,0.22230481209088085,0.1940522397604266
F1_weighted,0.4963140598233139,0.416002580656325
