,baseline: one_hot_encode,encoder: ordinal_encode
F1_micro,0.5475,0.5325
F1_macro,0.21177196241412757,0.2486014395537957
F1_weighted,0.4474780447812581,0.45110463229158837
