,baselineone-hot,encoderordinal
MAE,2905.9480566037537,1823.326843683363
MSE,21998708.49641282,9291318.121349506
RMSE,4690.27808305785,3048.166353949454
