,baseline: one_hot_encode,encoder: ordinal_encode
F1_micro,0.8446445802508845,0.8372467031199743
F1_macro,0.822042144685305,0.8163379051728565
F1_weighted,0.8442977919795716,0.838083852322814
