,baselineone-hot,encoderordinal
MAE,776.3703606642034,712.7710340142257
MSE,860724.0433042153,771820.2816387286
RMSE,927.7521454053423,878.5330282002656
