,baseline: one_hot_encode,encoder: ordinal_encode
F1_micro,0.5363636363636364,0.4961038961038961
F1_macro,0.5311756509459544,0.47887667887667895
F1_weighted,0.5311756509459545,0.47887667887667884
