,baseline,corrupted,imputed
F1_micro,0.0,0.0009282158668643409,0.0009282158668643409
F1_macro,0.0,0.0009089997568873395,0.0009411775365533119
F1_weighted,0.0,0.0009005398950770431,0.0009468545854356884
