,train,test
MAE,1.0992114811256428,2.2531837945003352
MSE,1.5789197930411847,6.494732258115498
RMSE,1.1773232553259296,2.3389515187624865
