,train,test
MAE,0.5142936256625728,1.2827883156113669
MSE,1.1264140975260466,6.393597529633912
RMSE,0.5378146690681754,1.239377697270381
