,baselineone-hot,encoderordinal
F1_micro,0.5207792207792208,0.5181818181818182
F1_macro,0.4658116042572632,0.5178882740207817
F1_weighted,0.46848209574820854,0.5180736703330153
