,baselineone-hot,encoderordinal
F1_micro,0.9799339598679198,0.9794259588519177
F1_macro,0.9779312588973555,0.9773687460080903
F1_weighted,0.979949157430091,0.9794398238078997
