,baselineone-hot,encoderordinal
MAE,3.555027955550117,3.5551085735411165
MSE,20.455136397136116,20.453913022949347
RMSE,4.522735499356127,4.522600250182338
