,baselineone-hot,encoderordinal
MAE,4.965068306494546e-16,4.965068306494546e-16
MSE,0.0,0.0
RMSE,0.0,0.0
