,baseline: one_hot_encode,encoder: ordinal_encode
F1_micro,0.29454739843193156,0.24501069137562367
F1_macro,0.2118269280826156,0.12171639065413666
F1_weighted,0.261573377577585,0.2059416665643776
