,baselineone-hot,encoderordinal
F1_micro,0.9831081081081081,0.9831081081081081
F1_macro,0.9831006938307028,0.9831006938307028
F1_weighted,0.9831073905973915,0.9831073905973915
