,baseline: one_hot_encode,encoder: ordinal_encode
F1_micro,0.8296620775969963,0.8294117647058825
F1_macro,0.46759879068868865,0.4633514245268845
F1_weighted,0.7555349909314465,0.7540251906335597
