,baselineone-hot,encoderordinal
MAE,0.5633402215949069,0.5634997902134832
MSE,0.5143743403633431,0.5144410211524272
RMSE,0.717198954519137,0.7172454399662832
