,baseline: one_hot_encode,encoder: ordinal_encode
F1_micro,0.8661596958174906,0.8714828897338402
F1_macro,0.865941928249043,0.8712816119815514
F1_weighted,0.8661432605293057,0.8714712775558238
