,baselineone-hot,encoderordinal
F1_micro,0.9347717009533367,0.9302558956347216
F1_macro,0.9291174886246059,0.9244813941756802
F1_weighted,0.9344896827320264,0.9298095278056809
