,baselineone-hot,encoderordinal
MAE,3.5550279555501167,3.555108573541116
MSE,20.455136397136116,20.453913022949347
RMSE,4.522735499356127,4.522600250182338
