,baseline: one_hot_encode,encoder: ordinal_encode
F1_micro,0.7480966567361801,0.7518481738938542
F1_macro,0.7331635286222493,0.7422603481062457
F1_weighted,0.7421833051649454,0.7493634570278436
