,baseline: one_hot_encode,encoder: ordinal_encode
F1_micro,0.692876965772433,0.717853839037928
F1_macro,0.6260419792604448,0.6354292791074401
F1_weighted,0.6873195708327052,0.7026197277667288
