,baseline: one_hot_encode,encoder: ordinal_encode
MAE,9.50076292010112,13.09378773117636
MSE,147.1315266483869,243.28806814966342
RMSE,12.129778507804128,15.597694321586873
