,baseline: one_hot_encode,encoder: ordinal_encode
F1_micro,0.35812133072407043,0.32436399217221135
F1_macro,0.3098344320174117,0.2742091125340932
F1_weighted,0.3366198585118652,0.2929886390358794
