,baseline: one_hot_encode,encoder: ordinal_encode
MAE,9.217491644090034,9.156918175519683
MSE,137.16926535514568,137.22272974923814
RMSE,11.711928336322147,11.714210590101159
