,baselineone-hot,encoderordinal
F1_micro,0.35887384176764076,0.16001425516749823
F1_macro,0.27105735290307,0.08260679169101749
F1_weighted,0.3344509151122302,0.11821608325723315
