,baseline: one_hot_encode,encoder: ordinal_encode
MAE,0.001047878722053434,0.0010484066112911201
MSE,1.9004366082141872e-06,1.899945770483168e-06
RMSE,0.001378563240556699,0.0013783852039553994
