,baseline: one_hot_encode,encoder: ordinal_encode
F1_micro,0.9389901823281908,0.94109396914446
F1_macro,0.9386575991210664,0.940778974222064
F1_weighted,0.9389109958503039,0.9410212780085225
