,baselineone-hot,encoderordinal
F1_micro,0.592456608811749,0.5730974632843792
F1_macro,0.5542626576922528,0.5662289997596754
F1_weighted,0.570202208558542,0.5728970571868414
