,baseline: one_hot_encode,encoder: ordinal_encode
F1_micro,0.9509933774834437,0.9443708609271523
F1_macro,0.7740880855634954,0.7266849529780565
F1_weighted,0.9404700993887836,0.9302583092860552
