,baseline: one_hot_encode,encoder: ordinal_encode
F1_micro,0.9136979427997993,0.9207225288509784
F1_macro,0.9082652584044002,0.916807258331408
F1_weighted,0.9133465237777396,0.920378833071329
