,baseline: one_hot_encode,encoder: ordinal_encode
MAE,0.0177825318723151,0.018462247109476197
MSE,0.0013927896983042328,0.0013615711498949912
RMSE,0.03732009777993933,0.036899473572057785
