,baseline: one_hot_encode,encoder: ordinal_encode
F1_micro,0.9570776255707762,0.9625570776255707
F1_macro,0.658420605479429,0.7401176470588234
F1_weighted,0.9533928579590683,0.9591601754857196
