,baselineone-hot,encoderordinal
F1_micro,0.7594594594594595,0.7587837837837837
F1_macro,0.7581233071661386,0.7572668121767199
F1_weighted,0.7589007048640707,0.7580966086113532
