,baseline: one_hot_encode,encoder: ordinal_encode
F1_micro,0.9830129637907913,0.9785426911041574
F1_macro,0.7456798544793087,0.6309189902656327
F1_weighted,0.979278893584132,0.9714973466376003
