,baseline: one_hot_encode,encoder: ordinal_encode
F1_micro,0.835316822129302,0.8404631714377614
F1_macro,0.8093705211039831,0.811481774882884
F1_weighted,0.8343214975912775,0.8377053026925884
