,baseline: one_hot_encode,encoder: ordinal_encode
F1_micro,0.4883116883116883,0.4779220779220779
F1_macro,0.4861449864498646,0.4719333442515558
F1_weighted,0.4860583183753916,0.471787277576665
