,baseline: one_hot_encode,encoder: ordinal_encode
F1_micro,0.2965074839629366,0.2594440484675695
F1_macro,0.23171136970114134,0.10518586907761088
F1_weighted,0.277810146486812,0.1996381235288909
