,baseline: one_hot_encode,encoder: ordinal_encode
F1_micro,0.8299123904881102,0.8299123904881102
F1_macro,0.4614209587227836,0.4614209587227836
F1_weighted,0.7549205648375785,0.7549205648375785
