,train,test
MAE,1.0463376472501678,1.4444042945003357
MSE,2.1683671104324556,3.4475791262421027
RMSE,1.4725376431291852,1.8567657704304286
