,baseline,corrupted,imputed
F1_micro,0.8247588424437299,0.822615219721329,0.8247588424437299
F1_macro,0.8245189010107284,0.8224254276272838,0.8245325253196562
F1_weighted,0.8243311207588143,0.8222574716175056,0.824350201918928
