,train,test
MAE,0.053829504983156765,0.16841498202738078
MSE,0.3573026492877069,0.5020364811963579
RMSE,0.13322351925755052,0.14136447956962872
