,baselineone-hot,encoderordinal
MAE,9.164772968532949,13.041048254417127
MSE,141.08605484826813,241.7044141516353
RMSE,11.87796509711441,15.546845794296516
