,baseline: one_hot_encode,encoder: ordinal_encode
F1_micro,0.9074074074074074,0.46412037037037035
F1_macro,0.6967394635390238,0.35404407138892713
F1_weighted,0.895155862789524,0.45544557837073296
