,baseline: one_hot_encode,encoder: ordinal_encode
F1_micro,0.7046875,0.7078125
F1_macro,0.6984632395787425,0.6997151783114723
F1_weighted,0.7020942624147469,0.7039787909494237
