,baseline: one_hot_encode,encoder: ordinal_encode
F1_micro,0.71075,0.7169999999999999
F1_macro,0.7069509345008712,0.7132523315628558
F1_weighted,0.709786692643041,0.7160787029115058
