,baseline,corrupted,imputed
F1_micro,0.0,0.003215434083601254,0.001607717041800738
F1_macro,0.0,0.003235863354014828,0.0016297018054797607
F1_weighted,0.0,0.0032469770416003354,0.0016396176001641889
