,baseline,corrupted,imputed
F1_micro,0.8247588424437299,0.8231511254019294,0.8263665594855306
F1_macro,0.8245189010107284,0.8229794827228613,0.8261348436881301
F1_weighted,0.8243311207588143,0.822820153211851,0.8259514376431739
