,baselineone-hot,encoderordinal
F1_micro,0.9396914446002805,0.938288920056101
F1_macro,0.9394168733265489,0.9379960788034027
F1_weighted,0.939588480372631,0.9381753693662792
