,baseline: one_hot_encode,encoder: ordinal_encode
F1_micro,0.8344051446945338,0.8327974276527331
F1_macro,0.834044394018283,0.8323537034157467
F1_weighted,0.8341190320892314,0.8324369017101817
