,baseline: one_hot_encode,encoder: ordinal_encode
F1_micro,0.9403927068723703,0.9396914446002805
F1_macro,0.940055202032416,0.9393563573067489
F1_weighted,0.9403390846080786,0.9396408653861624
