,baselineone-hot,encoderordinal
F1_micro,0.7308048103607772,0.7456059204440333
F1_macro,0.5936704397056487,0.6495245842691331
F1_weighted,0.6952110167034747,0.7284606643421518
