,baseline: one_hot_encode,encoder: ordinal_encode
MAE,0.0021492729236748153,0.0020512871301951487
MSE,4.1551615283495834e-05,3.8904192824025016e-05
RMSE,0.006446054241432958,0.006237322568540529
