,baseline: one_hot_encode,encoder: ordinal_encode
F1_micro,0.7627717091470815,0.7533929162528964
F1_macro,0.7504867476884991,0.7395417369161313
F1_weighted,0.7583000076116851,0.7480181284815488
