,baselineone-hot,encoderordinal
F1_micro,0.7109375,0.6921875
F1_macro,0.710530174505679,0.6904125405018144
F1_weighted,0.7119223227376802,0.6903333242763011
