,baselineone-hot,encoderordinal
MAE,0.002178132086872821,0.002226506241255211
MSE,0.00010733835767282238,0.0001687036070399751
RMSE,0.010360422658985607,0.01298859526815641
