,baseline: one_hot_encode,encoder: ordinal_encode
F1_micro,0.966327519379845,0.9646317829457365
F1_macro,0.9656753639775211,0.9639195056700245
F1_weighted,0.9663126195200379,0.9646023094032932
