,baselineone-hot,encoderordinal
F1_micro,0.7254769161304887,0.7232757647590021
F1_macro,0.7208048640012937,0.7208696883758664
F1_weighted,0.7212288547704353,0.7211739217422447
