,baseline: one_hot_encode,encoder: ordinal_encode
F1_micro,0.6018024032042724,0.5867823765020027
F1_macro,0.5571855198742754,0.5654369241440074
F1_weighted,0.5749196753934541,0.577588401540577
