,baselineone-hot,encoderordinal
MAE,2.3163088924113824,2.3162470242229487
MSE,20.42609171637855,20.424289632856667
RMSE,4.5195233948258915,4.5193240238841765
