,baseline: one_hot_encode,encoder: ordinal_encode
F1_micro,0.8536977491961415,0.8263665594855305
F1_macro,0.8536792172373233,0.826251590676309
F1_weighted,0.8536898069280766,0.8262803328786144
