,baselineone-hot,encoderordinal
F1_micro,0.7232757647590021,0.7106332543176431
F1_macro,0.7191206311333149,0.7042299090054629
F1_weighted,0.7191977565834438,0.7043281574951012
