,baseline: one_hot_encode,encoder: ordinal_encode
F1_micro,0.9170731707317074,0.9170731707317074
F1_macro,0.9169707498792086,0.9169818260472677
F1_weighted,0.9168768640977513,0.9168931679711939
