,baselineone-hot,encoderordinal
F1_micro,0.3316108339272986,0.18139700641482537
F1_macro,0.26331984178567697,0.029181726263171483
F1_weighted,0.30433800806356814,0.06357108235309097
