,train,test
MAE,1.5093669081656607,2.01282228316566
MSE,2.2787556678009384,4.053103666648777
RMSE,1.5095547912550038,2.013232144251819
