,baselineone-hot,encoderordinal
F1_micro,0.7190754381508764,0.6485902971805944
F1_macro,0.6892878896601173,0.572663799302979
F1_weighted,0.7178536355056443,0.626148629684981
