,baseline: one_hot_encode,encoder: ordinal_encode
F1_micro,0.9607438016528925,0.9710743801652892
F1_macro,0.836288542334259,0.843463395476702
F1_weighted,0.9633980607378871,0.9693222842656747
