,baseline,corrupted,imputed
F1_micro,0.0,0.0024558283467072855,0.002455828346707382
F1_macro,0.0,0.002468040127163431,0.002468649651907855
F1_weighted,0.0,0.0024742226033445747,0.0024749155604932133
