,train,test
MAE,1.1592839554996643,1.6448742054996643
MSE,1.7169205298307342,3.0445008343199813
RMSE,1.2828407798239236,1.6448742054996643
