,baselineone-hot,encoderordinal
F1_micro,0.850190114068441,0.8425855513307985
F1_macro,0.8496880383463625,0.8422787234893192
F1_weighted,0.85018350780894,0.842675483629163
