,baseline: one_hot_encode,encoder: ordinal_encode
MAE,382.5959891827788,384.61472576143547
MSE,220831.08021042243,224431.47410823425
RMSE,469.9266753552329,473.7419910755582
