,baselineone-hot,encoderordinal
MAE,0.001947653277391982,0.0019430841402306956
MSE,8.231480153331575e-06,8.351613308330002e-06
RMSE,0.0028690556204667025,0.0028899157960622316
