,baselineone-hot,encoderordinal
F1_micro,0.24641148325358853,0.16985645933014354
F1_macro,0.07565467624732504,0.06388940594209457
F1_weighted,0.19524308446521071,0.11437804372941285
