,baseline: one_hot_encode,encoder: ordinal_encode
F1_micro,0.746875,0.7375
F1_macro,0.7479087353275152,0.7398147282463197
F1_weighted,0.7444290133625405,0.7376387596160245
