,baseline,corrupted,imputed
F1_micro,0.0,0.0018564317337286815,0.0009282158668643408
F1_macro,0.0,0.0018368163647567589,0.0009175795412725097
F1_weighted,0.0,0.0018288419015948213,0.0009138050466514761
