,baseline: one_hot_encode,encoder: ordinal_encode
MAE,6.200590727024822,6.466601023418122
MSE,91.84888679368868,94.28801636543763
RMSE,9.583782488855258,9.71020166450922
