,baselineone-hot,encoderordinal
MAE,0.26601208194050896,0.266262692868485
MSE,0.10760434778206705,0.10769836676812201
RMSE,0.32803101649396976,0.3281742932774016
