,baseline: one_hot_encode,encoder: ordinal_encode
F1_micro,0.7271136697144148,0.6994017383451857
F1_macro,0.7259287581895297,0.6889222362850922
F1_weighted,0.7260853902709308,0.6894184980677657
