,baseline: one_hot_encode,encoder: ordinal_encode
F1_micro,0.9839704069050554,0.9790382244143033
F1_macro,0.97762032023129,0.9709464172445984
F1_weighted,0.9840439032785945,0.9792083792379653
