,baseline: one_hot_encode,encoder: ordinal_encode
F1_micro,0.9345156889495225,0.9349704411095953
F1_macro,0.9341985937010973,0.934797123136516
F1_weighted,0.9346857070004179,0.9351797064097628
