,baseline: one_hot_encode,encoder: ordinal_encode
F1_micro,0.6188251001335113,0.6218291054739653
F1_macro,0.6118366148530385,0.6036877410572046
F1_weighted,0.6171214395427493,0.6122914458664016
