,baseline: one_hot_encode,encoder: ordinal_encode
F1_micro,0.9781559563119127,0.9766319532639065
F1_macro,0.9757157719241182,0.9740447096794536
F1_weighted,0.9781422693802503,0.9766277903619203
