,baselineone-hot,encoderordinal
F1_micro,0.9242636746143057,0.9319775596072931
F1_macro,0.9237935764290931,0.9314842471029083
F1_weighted,0.9242300961725048,0.9319082512389085
