,baseline: one_hot_encode,encoder: ordinal_encode
F1_micro,0.7171875,0.7171875
F1_macro,0.7126405402954455,0.7153857124924283
F1_weighted,0.7130037803913226,0.7157611262354406
