,baseline: one_hot_encode,encoder: ordinal_encode
F1_micro,0.6827651515151515,0.6922348484848485
F1_macro,0.6789577379661333,0.6920335209667563
F1_weighted,0.6802158398345046,0.6923168708070342
