,baselineone-hot,encoderordinal
F1_micro,0.8520900321543409,0.8617363344051447
F1_macro,0.8516975068677758,0.8615301779926898
F1_weighted,0.8517711053590069,0.8615817170958034
