,baseline: one_hot_encode,encoder: ordinal_encode
F1_micro,0.31076265146115467,0.23378474697077692
F1_macro,0.25665230256439436,0.07782463564935517
F1_weighted,0.28182928445055655,0.1687602488775208
