,baseline,corrupted,imputed
F1_micro,0.8247588424437299,0.8242229367631296,0.8258306538049304
F1_macro,0.8245189010107284,0.8239890112219119,0.8255779466809977
F1_weighted,0.8243311207588143,0.8238033601126284,0.8253858561332885
