,train,test
MAE,0.2645005295163334,0.712975822593406
MSE,0.7833574577206202,2.190859561840561
RMSE,0.3268946239650049,0.712975822593406
