,baseline: one_hot_encode,encoder: ordinal_encode
F1_micro,0.7965299684542587,0.7965299684542587
F1_macro,0.7570163551826073,0.7635866213757875
F1_weighted,0.787050822636809,0.7906372852444477
