,baseline: one_hot_encode,encoder: ordinal_encode
MAE,0.0226159491180744,0.022187182338899908
MSE,0.01973630722252376,0.019768967570237474
RMSE,0.14048596806273486,0.1406021606172447
