,baseline: one_hot_encode,encoder: ordinal_encode
F1_micro,0.954337899543379,0.9488584474885844
F1_macro,0.6030515602039935,0.6473826575435141
F1_weighted,0.9455084936085295,0.9445710103153884
