,baseline: one_hot_encode,encoder: ordinal_encode
MAE,3.562146742121725,3.571399754024414
MSE,20.123832074329584,20.0824796589549
RMSE,4.485959437436944,4.481347973428854
