,baselineone-hot,encoderordinal
F1_micro,0.7641891891891892,0.7554054054054052
F1_macro,0.7637334614109117,0.7552082667012696
F1_weighted,0.7633127896155786,0.7549266399810757
