,baselineone-hot,encoderordinal
MAE,0.26655960358494046,0.2664052040575135
MSE,0.10551478573861092,0.10571003721914066
RMSE,0.3248303953428788,0.3251308001699326
