,baseline: one_hot_encode,encoder: ordinal_encode
MAE,0.01734981273637719,0.017379950718018067
MSE,0.001748989770684648,0.0017504612158737818
RMSE,0.04182092503382306,0.041838513547612824
