,baselineone-hot,encoderordinal
F1_micro,0.9824324324324325,0.9837837837837838
F1_macro,0.9824278115501519,0.9837787775993687
F1_weighted,0.9824332025794791,0.9837841688748927
