,baseline: one_hot_encode,encoder: ordinal_encode
F1_micro,0.850190114068441,0.8494296577946768
F1_macro,0.8479389537016655,0.8472523372381167
F1_weighted,0.8499790677840557,0.8492632383890798
