,train,test
MAE,1.0576355833333333,1.484761038832998
MSE,1.7766095460172373,2.717496264256378
RMSE,1.3328951744294213,1.6484830190985826
