,baseline: one_hot_encode,encoder: ordinal_encode
F1_micro,0.9237330657300552,0.9232313095835425
F1_macro,0.9205723569871849,0.9199319241962256
F1_weighted,0.9230645259078177,0.9224330711852452
