,baseline: one_hot_encode,encoder: ordinal_encode
MAE,2.4259204509013657,2.4258789509090803
MSE,20.89105762192622,20.88744642200197
RMSE,4.570673650779086,4.570278593477861
