,baseline: one_hot_encode,encoder: ordinal_encode
F1_micro,0.23684210526315788,0.23684210526315788
F1_macro,0.09513540554043262,0.08211819977254305
F1_weighted,0.190122215969845,0.15455501706549887
