,baselineone-hot,encoderordinal
F1_micro,0.9437931034482758,0.9323275862068966
F1_macro,0.46003124790412125,0.44989393856207904
F1_weighted,0.9390321048496972,0.9253746668368837
