,baselineone-hot,encoderordinal
F1_micro,0.9950678175092479,0.9876695437731196
F1_macro,0.992970321059566,0.9827531941679851
F1_weighted,0.9950488784893862,0.9877376687099113
