,baseline: one_hot_encode,encoder: ordinal_encode
F1_micro,0.947528981086028,0.9432580841976815
F1_macro,0.9454088161388571,0.94092079789306
F1_weighted,0.9474895972170403,0.9431935578886582
