,baselineone-hot,encoderordinal
MAE,9.52225848651486,13.258889734086452
MSE,148.0822105921592,247.86002952901725
RMSE,12.168903426034706,15.743571053894263
