,baseline: one_hot_encode,encoder: ordinal_encode
MAE,744.7501847676491,880.7622393291833
MSE,1333709.3802810719,2142887.472658842
RMSE,1154.8633600045816,1463.8604689856345
