,baseline: one_hot_encode,encoder: ordinal_encode
F1_micro,0.9334482758620689,0.9232758620689655
F1_macro,0.4352616305564134,0.42628759762324636
F1_weighted,0.9271254566455993,0.9137808984718948
