,baselineone-hot,encoderordinal
F1_micro,0.9959529065489331,0.9936227618346823
F1_macro,0.9957741599591692,0.993344247306025
F1_weighted,0.9959536526587293,0.9936254334368757
