,baselineone-hot,encoderordinal
F1_micro,0.8965201465201466,0.8910256410256411
F1_macro,0.8692400514088672,0.8614370353404553
F1_weighted,0.8937202064960652,0.8873893159771542
