,baseline: one_hot_encode,encoder: ordinal_encode
MAE,1.9102435386331797,1.9100641485193055
MSE,5.590185464937813,5.590450852877702
RMSE,2.364357304837366,2.3644134268096395
