,baseline: one_hot_encode,encoder: ordinal_encode
MAE,2890.619055411386,1824.4778548054333
MSE,21618097.40935886,9026756.667632269
RMSE,4649.5265790571475,3004.4561350820663
