,baselineone-hot,encoderordinal
MAE,0.0010881407374654774,0.0010942897409816055
MSE,2.0821745688093326e-06,2.099552424475297e-06
RMSE,0.0014429742093361657,0.0014489832381622972
