,baseline: one_hot_encode,encoder: ordinal_encode
F1_micro,0.9320987654320988,0.7654320987654321
F1_macro,0.8601793981872063,0.6363507472937695
F1_weighted,0.9304341888862631,0.7547850570928024
