,baselineone-hot,encoderordinal
F1_micro,0.8384841795437823,0.838729457934756
F1_macro,0.8384712329898745,0.8387192092545201
F1_weighted,0.8384808098927651,0.8387277235427162
