,baseline: one_hot_encode,encoder: ordinal_encode
F1_micro,0.9786639573279147,0.9782829565659131
F1_macro,0.9763561615374887,0.975957155311994
F1_weighted,0.9786564523009538,0.9782858056487068
