,baseline: one_hot_encode,encoder: ordinal_encode
MAE,0.04515288535431191,0.0441815008056941
MSE,0.02148852895292222,0.02150211442260129
RMSE,0.14658966182143343,0.1466359929301169
