,baselineone-hot,encoderordinal
F1_micro,0.9690082644628099,0.965909090909091
F1_macro,0.8214285714285714,0.8367730693959723
F1_weighted,0.9663249973167328,0.9663590422035616
