,baselineone-hot,encoderordinal
F1_micro,0.24401913875598086,0.25598086124401914
F1_macro,0.0928078085518198,0.089490514540883
F1_weighted,0.18998055391596727,0.18563408654361793
