,baseline: one_hot_encode,encoder: ordinal_encode
F1_micro,0.5506493506493506,0.4935064935064935
F1_macro,0.5066296296296297,0.49226992371368283
F1_weighted,0.5070124098124099,0.4923350063343571
