,baseline: one_hot_encode,encoder: ordinal_encode
F1_micro,0.7269494538989077,0.7005334010668022
F1_macro,0.6768631405044745,0.5897310138287991
F1_weighted,0.7145732874278963,0.6529306159337597
