,baseline: one_hot_encode,encoder: ordinal_encode
F1_micro,0.9648740310077519,0.967781007751938
F1_macro,0.963949689290722,0.966846647083493
F1_weighted,0.9648418678315164,0.9677068521433312
