,baselineone-hot,encoderordinal
F1_micro,0.7853333333333333,0.8071666666666667
F1_macro,0.5675297194606478,0.6393269910233361
F1_weighted,0.7353070453184234,0.7738283680353382
