,baseline: one_hot_encode,encoder: ordinal_encode
F1_micro,0.2535885167464115,0.2535885167464115
F1_macro,0.09013755594170685,0.08718640149779745
F1_weighted,0.1952799242838141,0.20883684926785115
