,baseline: one_hot_encode,encoder: ordinal_encode
MAE,0.5610504982484121,0.5609349822692208
MSE,0.5243548302115969,0.5241302830864882
RMSE,0.7241234909955601,0.7239684268574758
