,baselineone-hot,encoderordinal
F1_micro,0.8472668810289389,0.8440514469453376
F1_macro,0.8470197458182205,0.844031693099125
F1_weighted,0.8471185999025078,0.8440034733188213
