,baseline: one_hot_encode,encoder: ordinal_encode
F1_micro,0.9469188529591214,0.9414276998169616
F1_macro,0.9444728065000381,0.9393550694697115
F1_weighted,0.9469259635592933,0.94171499511262
