,baselineone-hot,encoderordinal
F1_micro,0.6695075757575758,0.6761363636363636
F1_macro,0.6616425590907213,0.6714589814966432
F1_weighted,0.6648667274137796,0.6739090388079253
