,baseline: one_hot_encode,encoder: ordinal_encode
MAE,4.85291629030666,4.894848005194549
MSE,39.31092798999644,39.35793105212228
RMSE,6.269842740451824,6.273589965252932
