,baselineone-hot,encoderordinal
F1_micro,0.9160975609756099,0.9209756097560976
F1_macro,0.9159207795378934,0.9209455116760694
F1_weighted,0.9159170182307078,0.920944006772068
