,baseline: one_hot_encode,encoder: ordinal_encode
F1_micro,0.9225862068965517,0.9263793103448276
F1_macro,0.4733441568377884,0.47705589763280615
F1_weighted,0.9131271626320185,0.9183068210701059
