,baseline: one_hot_encode,encoder: ordinal_encode
F1_micro,0.8791208791208791,0.8489010989010989
F1_macro,0.8327312270845587,0.6062353325758005
F1_weighted,0.8725713820359094,0.8167710917732453
