,baseline: one_hot_encode,encoder: ordinal_encode
F1_micro,0.8784530386740331,0.8906077348066298
F1_macro,0.7240058109876462,0.5682189483424176
F1_weighted,0.8816469252140766,0.8530919041567023
