,baselineone-hot,encoderordinal
F1_micro,0.8359601157928594,0.8378899967835316
F1_macro,0.8234042126647243,0.8193082185714919
F1_weighted,0.8384440339026473,0.8378154460183881
