,baseline: one_hot_encode,encoder: ordinal_encode
F1_micro,0.6580767514502455,0.6572958500669344
F1_macro,0.49216028191253613,0.4975435194057125
F1_weighted,0.6350549346111802,0.6381231391253662
