,baseline: one_hot_encode,encoder: ordinal_encode
F1_micro,0.8004731861198738,0.8004731861198738
F1_macro,0.7695735351896777,0.7702850118647202
F1_weighted,0.7942843830979608,0.794671977869246
