,baselineone-hot,encoderordinal
F1_micro,0.8343518816339659,0.8275972981666131
F1_macro,0.8155760481935981,0.8104539122094859
F1_weighted,0.8361121160190003,0.8303475739886121
