,baseline: one_hot_encode,encoder: ordinal_encode
F1_micro,0.7240284480568961,0.6625603251206502
F1_macro,0.6723548524717107,0.5477743699271728
F1_weighted,0.7111224428915524,0.6156563590584806
