,baseline: one_hot_encode,encoder: ordinal_encode
F1_micro,0.9931322050527348,0.9947265145940642
F1_macro,0.9929186544103484,0.9945451021194402
F1_weighted,0.993137935931556,0.994722488627916
