,baselineone-hot,encoderordinal
F1_micro,0.9935001226391955,0.9900662251655629
F1_macro,0.9932619583820899,0.9896812370366902
F1_weighted,0.9934940636659226,0.990046425776078
