,baseline: one_hot_encode,encoder: ordinal_encode
F1_micro,0.6761363636363636,0.6846590909090909
F1_macro,0.6756710155756078,0.6792606855186265
F1_weighted,0.676206165845477,0.6810732887884174
