,baseline: one_hot_encode,encoder: ordinal_encode
F1_micro,0.9628099173553719,0.9566115702479339
F1_macro,0.7945864378006224,0.7866140409808533
F1_weighted,0.960121414257465,0.9562180574487046
