,baselineone-hot,encoderordinal
F1_micro,0.9576158940397351,0.9602649006622517
F1_macro,0.7459765470615379,0.7697491822123984
F1_weighted,0.9526183591307,0.9569674956929963
