,baseline: one_hot_encode,encoder: ordinal_encode
F1_micro,0.9185956790123457,0.7372685185185185
F1_macro,0.6280062954740045,0.4483107769423559
F1_weighted,0.9124248786594424,0.7261250348092454
