,baselineone-hot,encoderordinal
F1_micro,0.5634178905206942,0.5700934579439252
F1_macro,0.549641438658429,0.5460133958970889
F1_weighted,0.5581071209096683,0.5572507581856124
