,baselineone-hot,encoderordinal
F1_micro,0.7326549491211841,0.7308048103607772
F1_macro,0.6245810606361029,0.6481249685397406
F1_weighted,0.7078724884858121,0.7186552916198995
