,baseline: one_hot_encode,encoder: ordinal_encode
MAE,2.677734997316801,2.7058557749711074
MSE,21.971827475111265,22.040478901080117
RMSE,4.687411596511582,4.6947288421249755
