,baselineone-hot,encoderordinal
F1_micro,0.9834599910594546,0.9825659365221279
F1_macro,0.7423717523725928,0.7129645166066229
F1_weighted,0.9808975929588085,0.9792083542630327
