,baselineone-hot,encoderordinal
F1_micro,0.9615894039735099,0.9271523178807947
F1_macro,0.8014629958349286,0.7409193065658632
F1_weighted,0.9552470380079574,0.9295208508596194
