,baseline: one_hot_encode,encoder: ordinal_encode
F1_micro,0.931787175989086,0.9386084583901775
F1_macro,0.932349331284617,0.9391210912921686
F1_weighted,0.9317297219237425,0.9388011264561139
