,baselineone-hot,encoderordinal
MAE,50104.541671496176,50104.541135644096
MSE,5364079272.782868,5364079135.017933
RMSE,73239.874882354,73239.873941849
