,baselineone-hot,encoderordinal
F1_micro,0.9345156889495225,0.9322419281491587
F1_macro,0.9337429964607307,0.9317448240948952
F1_weighted,0.9344211079292964,0.9324154636005499
