,baseline: one_hot_encode,encoder: ordinal_encode
MAE,4.715388925528068,5.247812849144142
MSE,40.00583699455855,49.42061053121932
RMSE,6.325016758440925,7.029979411863119
