,baseline: one_hot_encode,encoder: ordinal_encode
F1_micro,0.9400862068965518,0.9362931034482759
F1_macro,0.39370507575167896,0.3905886388396827
F1_weighted,0.9362580702795282,0.9313188045320788
