,baselineone-hot,encoderordinal
F1_micro,0.2827868852459016,0.2573057733428368
F1_macro,0.25047565703331554,0.133024241815492
F1_weighted,0.2580628646161253,0.2102209495689104
