,baseline: one_hot_encode,encoder: ordinal_encode
F1_micro,0.7412162162162163,0.7459459459459459
F1_macro,0.7406192758260771,0.7453763440860215
F1_weighted,0.7406865367151069,0.7454414414414414
