,baseline: one_hot_encode,encoder: ordinal_encode
MAE,0.1640248240081367,0.1640813596386822
MSE,0.04086766893739661,0.040885059802993735
RMSE,0.20215753495083136,0.20220054352793845
