,train,test
MAE,1.5232543001676728,1.1913713835010062
MSE,2.3595691489127177,1.4553015708257684
RMSE,1.5360889130882749,1.206358806833924
