,baselineone-hot,encoderordinal
F1_micro,0.9786639573279147,0.9786639573279147
F1_macro,0.9762677603565362,0.9762762726571539
F1_weighted,0.9786409722250716,0.978644840557132
