,baselineone-hot,encoderordinal
F1_micro,0.9639050387596899,0.9641472868217054
F1_macro,0.963320765059551,0.9635781961363357
F1_weighted,0.9638613023406778,0.9641097885982507
