,baselineone-hot,encoderordinal
F1_micro,0.947945205479452,0.947945205479452
F1_macro,0.7507351276520888,0.7686969755054861
F1_weighted,0.9428361687309362,0.9446650794829167
