,baselineone-hot,encoderordinal
F1_micro,0.8710000000000001,0.877
F1_macro,0.5643054725259137,0.6025064713885451
F1_weighted,0.8377351585218811,0.8495836788510822
