,baseline: one_hot_encode,encoder: ordinal_encode
F1_micro,0.9913686806411838,0.9913686806411838
F1_macro,0.9887722226727134,0.988737384859252
F1_weighted,0.9913487078875801,0.9913351181949857
