,baseline: one_hot_encode,encoder: ordinal_encode
F1_micro,0.8895027624309392,0.6850828729281768
F1_macro,0.7213807201615685,0.5876004317064396
F1_weighted,0.8923725554710993,0.7460093986917623
