,baseline: one_hot_encode,encoder: ordinal_encode
MAE,1.9077625560291191,1.9053214662625553
MSE,5.636618972356773,5.638135930893321
RMSE,2.3741564759629417,2.3744759276297835
