,baseline: one_hot_encode,encoder: ordinal_encode
F1_micro,0.9617768595041323,0.9545454545454546
F1_macro,0.8201493399215638,0.6986983588002263
F1_weighted,0.9626012338905267,0.9465143797911199
