,baseline: one_hot_encode,encoder: ordinal_encode
F1_micro,0.8365219524159921,0.8346823644836889
F1_macro,0.8365216549041967,0.83467710301178
F1_weighted,0.8365211139736598,0.8346793906082621
