,baseline,corrupted,imputed
F1_micro,0.8247588424437299,0.819935691318328,0.8215434083601286
F1_macro,0.8245189010107284,0.8197101449275362,0.8212990643320263
F1_weighted,0.8243311207588143,0.819525606971434,0.8211078385709027
