,train,test
MAE,0.7014813082494968,1.397677616498994
MSE,1.0284476744752302,1.9535027196623087
RMSE,1.0141240922467183,1.397677616498994
