,baseline: one_hot_encode,encoder: ordinal_encode
MAE,2.5687679793391522,2.6001111361293163
MSE,16.38298270535139,17.34183154236518
RMSE,4.047589740246829,4.164352475759609
