,baseline: one_hot_encode,encoder: ordinal_encode
F1_micro,0.29864575908766927,0.2459016393442623
F1_macro,0.22428817577352347,0.11614983606141845
F1_weighted,0.2717145142256368,0.19352756129649581
