,baselineone-hot,encoderordinal
MAE,1.9263672231877595,1.9264052973578485
MSE,5.734586450893834,5.734560350945365
RMSE,2.3946996577637525,2.3946942082331444
