,baselineone-hot,encoderordinal
MAE,0.16232701885490564,0.16206016703444787
MSE,0.04268380452959799,0.04264833766618125
RMSE,0.20660059179392007,0.2065147395857769
