,baselineone-hot,encoderordinal
F1_micro,0.7316857899382171,0.5180935569285083
F1_macro,0.44744528167990016,0.16128291222111962
F1_weighted,0.7162120538198986,0.5238081111526303
