,baselineone-hot,encoderordinal
F1_micro,0.9656007751937985,0.9653585271317829
F1_macro,0.9650675757335215,0.964832208831518
F1_weighted,0.9655798654110425,0.9653428939149435
