,baseline: one_hot_encode,encoder: ordinal_encode
F1_micro,0.7157987643424537,0.4916151809355693
F1_macro,0.4713920225479756,0.14828264732901397
F1_weighted,0.703919177096711,0.48696683264836016
