,baseline: one_hot_encode,encoder: ordinal_encode
F1_micro,0.5277200996677741,0.5278239202657807
F1_macro,0.5215707376131979,0.526553231178082
F1_weighted,0.5222295978333311,0.5268511682988449
