,baseline: one_hot_encode,encoder: ordinal_encode
MAE,24113.781125849946,24119.429883468616
MSE,1909090967.487851,1912823404.5371861
RMSE,43693.1455435272,43735.83661640859
