,baseline: one_hot_encode,encoder: ordinal_encode
F1_micro,0.5253841362126246,0.5274086378737541
F1_macro,0.5206371755014598,0.5196517756538848
F1_weighted,0.5210482320888637,0.5201777720299052
