,baseline,corrupted,imputed
F1_micro,0.8247588424437299,0.8231511254019293,0.8263665594855305
F1_macro,0.8245189010107284,0.8229680918226887,0.8261076653861685
F1_weighted,0.8243311207588143,0.8228033616013721,0.825913494811647
