,baseline,corrupted,imputed
F1_micro,0.8247588424437299,0.8263665594855305,0.8279742765273314
F1_macro,0.8245189010107284,0.8262210264900662,0.827777964667493
F1_weighted,0.8243311207588143,0.8260754934946019,0.8276096973590602
