,train,test
MAE,0.5343520918343395,3.671209949832327
MSE,0.3188253764049411,13.495991382336435
RMSE,0.5646462400520711,3.673689069904588
