,train,test
MAE,1.1839441347082493,1.1768992168343395
MSE,1.9224235089526693,1.452522443426087
RMSE,1.386514878734689,1.205206390385517
