,baseline: one_hot_encode,encoder: ordinal_encode
F1_micro,0.7167500000000001,0.715
F1_macro,0.7203963312287711,0.7177720506170038
F1_weighted,0.7181145846566265,0.7159163963090047
