,baselineone-hot,encoderordinal
F1_micro,0.9821189092534646,0.9812248547161377
F1_macro,0.7390401530528918,0.7189093128455518
F1_weighted,0.9778405430025977,0.9763694073885933
