,baselineone-hot,encoderordinal
F1_micro,0.7970557308096741,0.794689800210305
F1_macro,0.7607409167211717,0.7558638347680979
F1_weighted,0.7891654675596756,0.785552773405514
