,baselineone-hot,encoderordinal
F1_micro,0.9239024390243904,0.9200000000000002
F1_macro,0.9239023665935673,0.9199664058869683
F1_weighted,0.9238986726215949,0.9200479915900452
