,baseline: one_hot_encode,encoder: ordinal_encode
F1_micro,0.7304054054054056,0.7364864864864865
F1_macro,0.7278648227540622,0.7336021311829505
F1_weighted,0.7295703887297891,0.7354001708526873
