,baseline: one_hot_encode,encoder: ordinal_encode
MAE,0.16567700884177766,0.1656667196154519
MSE,0.04263157991149153,0.04259064747995909
RMSE,0.20647416281823625,0.2063750166080165
