,baseline: one_hot_encode,encoder: ordinal_encode
MAE,0.15875802151536864,0.15867420385991754
MSE,0.040568565922713525,0.0404949611796249
RMSE,0.20141639933906455,0.20123359853569409
