,baseline: one_hot_encode,encoder: ordinal_encode
F1_micro,0.5188953488372093,0.5213351328903655
F1_macro,0.5155112541492677,0.5187753236738516
F1_weighted,0.5160073077805436,0.5192052987450952
