,baseline: one_hot_encode,encoder: ordinal_encode
F1_micro,0.9549668874172186,0.9496688741721855
F1_macro,0.7461973244110444,0.7101685754906314
F1_weighted,0.9468919661517323,0.93845254116187
