,baseline: one_hot_encode,encoder: ordinal_encode
F1_micro,0.8478610485686716,0.8488259890640077
F1_macro,0.8294293836602119,0.8317291968953684
F1_weighted,0.847770874082818,0.8492745426425997
