,baseline: one_hot_encode,encoder: ordinal_encode
F1_micro,0.9073170731707317,0.9073170731707317
F1_macro,0.9071757107790568,0.9070395965971958
F1_weighted,0.9072216535563511,0.9071040108017667
