,baseline: one_hot_encode,encoder: ordinal_encode
F1_micro,0.9848010728654448,0.9856951274027715
F1_macro,0.7937466102614167,0.796358670914884
F1_weighted,0.9840911631112264,0.9846417952387222
