,baseline: one_hot_encode,encoder: ordinal_encode
F1_micro,0.5937917222963952,0.6018024032042724
F1_macro,0.582201703560725,0.5802421028834495
F1_weighted,0.5894019156009209,0.5900855389651212
