,baseline: one_hot_encode,encoder: ordinal_encode
F1_micro,0.9743243243243244,0.975
F1_macro,0.9743220266240039,0.9749967010804474
F1_weighted,0.9743246525672272,0.9749998059459087
