,baseline,corrupted,imputed
F1_micro,0.8247588424437299,0.819935691318328,0.8231511254019293
F1_macro,0.8245189010107284,0.8197493298558285,0.8229296066252587
F1_weighted,0.8243311207588143,0.8195816045395787,0.8227483639898011
