,baseline: one_hot_encode,encoder: ordinal_encode
F1_micro,0.9938680402256561,0.9910473387294578
F1_macro,0.9936585600759742,0.9907237210862759
F1_weighted,0.9938649305338256,0.9910339520508497
